t,visible,x,y,size,ir_front,sep,lat,dist_centros,v_guia
0.14598464965820312,1,50.0,96.0,55.0,47,nan,nan,nan,nan
0.24203872680664062,1,50.0,96.0,55.0,47,nan,nan,nan,nan
0.4421563148498535,1,50.0,96.0,55.0,47,nan,nan,nan,nan
0.6419475078582764,1,50.0,96.0,55.0,47,nan,nan,nan,nan
0.8421969413757324,1,50.0,96.0,55.0,47,nan,nan,nan,nan
1.0426838397979736,1,50.0,96.0,55.0,47,nan,nan,nan,nan
1.2423546314239502,1,50.0,96.0,55.0,47,nan,nan,nan,nan
1.442230463027954,1,50.0,96.0,55.0,47,nan,nan,nan,nan
1.6421456336975098,1,50.0,96.0,55.0,47,nan,nan,nan,nan
1.8424060344696045,1,50.0,96.0,55.0,47,nan,nan,nan,nan
2.0432870388031006,1,50.0,96.0,55.0,47,nan,nan,nan,nan
2.241971492767334,1,50.0,96.0,55.0,47,nan,nan,nan,nan
2.4429636001586914,1,50.0,96.0,55.0,47,nan,nan,nan,nan
2.6422250270843506,1,50.0,96.0,55.0,47,nan,nan,nan,nan
2.8423006534576416,1,50.0,96.0,55.0,47,nan,nan,nan,nan
3.04262375831604,1,50.0,96.0,55.0,47,nan,nan,nan,nan
3.242365598678589,1,50.0,96.0,55.0,47,nan,nan,nan,nan
3.442415952682495,1,50.0,96.0,55.0,47,nan,nan,nan,nan
3.6421754360198975,1,50.0,96.0,55.0,47,nan,nan,nan,nan
3.842334508895874,1,50.0,96.0,55.0,47,nan,nan,nan,nan
4.042596340179443,1,50.0,96.0,55.0,47,nan,nan,nan,nan
4.242102861404419,1,50.0,96.0,55.0,47,nan,nan,nan,nan
4.442418336868286,1,50.0,96.0,55.0,47,nan,nan,nan,nan
4.64264988899231,1,50.0,96.0,55.0,47,nan,nan,nan,nan
4.8422346115112305,1,50.0,96.0,55.0,47,nan,nan,nan,nan
5.042291879653931,1,50.0,96.0,55.0,47,nan,nan,nan,nan
5.242507219314575,1,50.0,96.0,55.0,47,nan,nan,nan,nan
5.4423792362213135,1,50.0,96.0,55.0,47,nan,nan,nan,nan
5.642542362213135,1,50.0,96.0,55.0,47,nan,nan,nan,nan
5.842211961746216,1,50.0,96.0,55.0,47,nan,nan,nan,nan
6.042464256286621,1,50.0,96.0,55.0,47,nan,nan,nan,nan
6.242357492446899,1,50.0,96.0,55.0,47,nan,nan,nan,nan
6.442042350769043,1,50.0,96.0,55.0,47,nan,nan,nan,nan
6.642373561859131,1,50.0,96.0,55.0,47,nan,nan,nan,nan
6.84274697303772,1,50.0,96.0,55.0,47,nan,nan,nan,nan
7.041976451873779,1,50.0,96.0,55.0,47,nan,nan,nan,nan
7.242109060287476,1,50.0,96.0,55.0,47,nan,nan,nan,nan
7.442139148712158,1,50.0,96.0,55.0,47,nan,nan,nan,nan
7.6425817012786865,1,50.0,96.0,55.0,47,nan,nan,nan,nan
7.8425819873809814,1,50.0,96.0,55.0,47,nan,nan,nan,nan
8.042292594909668,1,50.0,96.0,55.0,47,nan,nan,nan,nan
8.242022514343262,1,50.0,96.0,55.0,47,nan,nan,nan,nan
8.442420482635498,1,50.0,96.0,55.0,47,nan,nan,nan,nan
8.641856908798218,1,50.0,96.0,55.0,47,nan,nan,nan,nan
8.841941356658936,1,50.0,96.0,55.0,47,nan,nan,nan,nan
9.042312860488892,1,50.0,96.0,55.0,47,nan,nan,nan,nan
9.242303133010864,1,50.0,96.0,55.0,47,nan,nan,nan,nan
9.442783832550049,1,50.0,96.0,55.0,47,nan,nan,nan,nan
9.642646551132202,1,50.0,96.0,55.0,47,nan,nan,nan,nan
9.842559576034546,1,50.0,96.0,55.0,47,nan,nan,nan,nan
10.042332410812378,1,50.0,96.0,55.0,47,nan,nan,nan,nan
10.242310523986816,1,50.0,96.0,55.0,47,nan,nan,nan,nan
10.442456245422363,1,50.0,96.0,55.0,47,nan,nan,nan,nan
10.64193344116211,1,50.0,96.0,55.0,47,nan,nan,nan,nan
10.84243655204773,1,50.0,96.0,55.0,47,nan,nan,nan,nan
11.04208755493164,1,50.0,96.0,55.0,47,nan,nan,nan,nan
11.24228835105896,1,50.0,96.0,55.0,47,nan,nan,nan,nan
11.442228078842163,1,50.0,96.0,55.0,47,nan,nan,nan,nan
11.642186164855957,1,50.0,96.0,55.0,47,nan,nan,nan,nan
11.842465877532959,1,50.0,96.0,55.0,47,nan,nan,nan,nan
12.041957378387451,1,50.0,96.0,55.0,47,nan,nan,nan,nan
12.242611408233643,1,50.0,96.0,55.0,47,nan,nan,nan,nan
12.442599296569824,1,50.0,96.0,55.0,47,nan,nan,nan,nan
12.641957521438599,1,50.0,96.0,55.0,47,nan,nan,nan,nan
12.842360734939575,1,50.0,96.0,55.0,47,nan,nan,nan,nan
13.042388916015625,1,50.0,96.0,55.0,47,nan,nan,nan,nan
13.24179458618164,1,50.0,96.0,55.0,47,nan,nan,nan,nan
13.44241738319397,1,50.0,96.0,55.0,47,nan,nan,nan,nan
13.642169713973999,1,50.0,96.0,55.0,47,nan,nan,nan,nan
13.841821193695068,1,50.0,96.0,55.0,47,nan,nan,nan,nan
14.042046546936035,1,50.0,96.0,55.0,47,nan,nan,nan,nan
14.242157697677612,1,50.0,96.0,55.0,47,nan,nan,nan,nan
14.441811323165894,1,50.0,96.0,55.0,47,nan,nan,nan,nan
14.642297506332397,1,50.0,96.0,55.0,47,nan,nan,nan,nan
14.842147827148438,1,50.0,96.0,55.0,47,nan,nan,nan,nan
15.042421579360962,1,50.0,96.0,55.0,47,nan,nan,nan,nan
15.241949319839478,1,50.0,96.0,55.0,47,nan,nan,nan,nan
15.442285060882568,1,50.0,96.0,55.0,47,nan,nan,nan,nan
15.642151355743408,1,50.0,96.0,55.0,47,nan,nan,nan,nan
15.841867446899414,1,50.0,96.0,55.0,47,nan,nan,nan,nan
16.042169332504272,1,50.0,96.0,55.0,47,nan,nan,nan,nan
16.242254972457886,1,50.0,96.0,55.0,47,nan,nan,nan,nan
16.442228078842163,1,50.0,96.0,55.0,47,nan,nan,nan,nan
16.642568826675415,1,50.0,96.0,55.0,47,nan,nan,nan,nan
16.842382192611694,1,50.0,96.0,55.0,47,nan,nan,nan,nan
17.042298793792725,1,50.0,96.0,55.0,47,nan,nan,nan,nan
17.242443084716797,1,50.0,96.0,55.0,47,nan,nan,nan,nan
17.4424991607666,1,50.0,96.0,55.0,47,nan,nan,nan,nan
17.6425461769104,1,50.0,96.0,55.0,47,nan,nan,nan,nan
17.842530250549316,1,50.0,96.0,55.0,47,nan,nan,nan,nan
18.042144298553467,1,50.0,96.0,55.0,47,nan,nan,nan,nan
18.24241304397583,1,50.0,96.0,55.0,47,nan,nan,nan,nan
18.44250988960266,1,50.0,96.0,55.0,47,nan,nan,nan,nan
18.642334699630737,1,50.0,96.0,55.0,47,nan,nan,nan,nan
18.84261441230774,1,50.0,96.0,55.0,47,nan,nan,nan,nan
19.04185152053833,1,50.0,96.0,55.0,47,nan,nan,nan,nan
19.242135524749756,1,50.0,96.0,55.0,47,nan,nan,nan,nan
19.442444562911987,1,50.0,96.0,55.0,47,nan,nan,nan,nan
19.642202854156494,1,50.0,96.0,55.0,47,nan,nan,nan,nan
19.842533349990845,1,50.0,96.0,55.0,47,nan,nan,nan,nan
20.0419340133667,1,50.0,96.0,55.0,47,nan,nan,nan,nan
20.242780685424805,1,50.0,96.0,55.0,47,nan,nan,nan,nan
20.442325830459595,1,50.0,96.0,55.0,47,nan,nan,nan,nan
20.642148971557617,1,50.0,96.0,55.0,47,nan,nan,nan,nan
20.842345714569092,1,50.0,96.0,55.0,47,nan,nan,nan,nan
21.042104959487915,1,50.0,96.0,55.0,47,nan,nan,nan,nan
21.242409706115723,1,50.0,96.0,55.0,47,nan,nan,nan,nan
21.4421865940094,1,50.0,96.0,55.0,47,nan,nan,nan,nan
21.642595767974854,1,50.0,96.0,55.0,47,nan,nan,nan,nan
21.842780351638794,1,50.0,96.0,55.0,47,nan,nan,nan,nan
22.04223108291626,1,50.0,96.0,55.0,47,nan,nan,nan,nan
22.242260217666626,1,50.0,96.0,55.0,47,nan,nan,nan,nan
22.442097425460815,1,50.0,96.0,55.0,47,nan,nan,nan,nan
22.642308473587036,1,50.0,96.0,55.0,47,nan,nan,nan,nan
22.842068195343018,1,50.0,96.0,55.0,47,nan,nan,nan,nan
23.042563676834106,1,50.0,96.0,55.0,47,nan,nan,nan,nan
23.242151498794556,1,50.0,96.0,55.0,47,nan,nan,nan,nan
23.44192099571228,1,50.0,96.0,55.0,47,nan,nan,nan,nan
23.642049312591553,1,50.0,96.0,55.0,47,nan,nan,nan,nan
23.84232497215271,1,50.0,96.0,55.0,47,nan,nan,nan,nan
24.04257082939148,1,50.0,96.0,55.0,47,nan,nan,nan,nan
24.24263072013855,1,50.0,96.0,55.0,47,nan,nan,nan,nan
24.442256450653076,1,50.0,96.0,55.0,47,nan,nan,nan,nan
24.642054080963135,1,50.0,96.0,55.0,47,nan,nan,nan,nan
24.842120885849,1,50.0,96.0,55.0,47,nan,nan,nan,nan
25.04227113723755,1,50.0,96.0,55.0,47,nan,nan,nan,nan
25.242093563079834,1,50.0,96.0,55.0,47,nan,nan,nan,nan
25.442073345184326,1,50.0,96.0,55.0,47,nan,nan,nan,nan
25.641833305358887,1,50.0,96.0,55.0,47,nan,nan,nan,nan
25.84241032600403,1,50.0,96.0,55.0,47,nan,nan,nan,nan
26.04261064529419,1,50.0,96.0,55.0,47,nan,nan,nan,nan
26.242395639419556,1,50.0,96.0,55.0,47,nan,nan,nan,nan
26.442203283309937,1,50.0,96.0,55.0,47,nan,nan,nan,nan
26.64245629310608,1,50.0,96.0,55.0,47,nan,nan,nan,nan
26.842312574386597,1,50.0,96.0,55.0,47,nan,nan,nan,nan
27.042528867721558,1,50.0,96.0,55.0,47,nan,nan,nan,nan
27.242212772369385,1,50.0,96.0,55.0,47,nan,nan,nan,nan
27.442091703414917,1,50.0,96.0,55.0,47,nan,nan,nan,nan
27.642266035079956,1,50.0,96.0,55.0,47,nan,nan,nan,nan
27.84226393699646,1,50.0,96.0,55.0,47,nan,nan,nan,nan
28.04179334640503,1,50.0,96.0,55.0,47,nan,nan,nan,nan
28.242180347442627,1,50.0,96.0,55.0,47,nan,nan,nan,nan
28.44215965270996,1,50.0,96.0,55.0,47,nan,nan,nan,nan
28.643079042434692,1,50.0,96.0,55.0,47,nan,nan,nan,nan
28.84209418296814,1,50.0,96.0,55.0,47,nan,nan,nan,nan
29.042213201522827,1,50.0,96.0,55.0,47,nan,nan,nan,nan
29.242315769195557,1,50.0,96.0,55.0,47,nan,nan,nan,nan
29.44195532798767,1,50.0,96.0,55.0,47,nan,nan,nan,nan
29.641842126846313,1,50.0,96.0,55.0,47,nan,nan,nan,nan
29.842492818832397,1,50.0,96.0,55.0,47,nan,nan,nan,nan
30.042663097381592,1,50.0,96.0,55.0,47,nan,nan,nan,nan
30.243222951889038,1,50.0,96.0,55.0,47,nan,nan,nan,nan
30.442485570907593,1,50.0,96.0,55.0,47,nan,nan,nan,nan
30.642289400100708,1,50.0,96.0,55.0,47,nan,nan,nan,nan
30.842135429382324,1,50.0,96.0,55.0,47,nan,nan,nan,nan
31.04205584526062,1,50.0,96.0,55.0,47,nan,nan,nan,nan
31.24216103553772,1,50.0,96.0,55.0,47,nan,nan,nan,nan
31.442554473876953,1,50.0,96.0,55.0,47,nan,nan,nan,nan
31.642192125320435,1,50.0,96.0,55.0,47,nan,nan,nan,nan
31.842316389083862,1,50.0,96.0,55.0,47,nan,nan,nan,nan
32.04230213165283,1,50.0,96.0,55.0,47,nan,nan,nan,nan
32.24228501319885,1,50.0,96.0,55.0,47,nan,nan,nan,nan
32.441983461380005,1,50.0,96.0,55.0,47,nan,nan,nan,nan
32.642327547073364,1,50.0,96.0,55.0,47,nan,nan,nan,nan
32.84182333946228,1,50.0,96.0,55.0,47,nan,nan,nan,nan
33.04218029975891,1,50.0,96.0,55.0,47,nan,nan,nan,nan
33.24174690246582,1,50.0,96.0,55.0,47,nan,nan,nan,nan
33.442509174346924,1,50.0,96.0,55.0,47,nan,nan,nan,nan
33.64234972000122,1,50.0,96.0,55.0,47,nan,nan,nan,nan
33.842257022857666,1,50.0,96.0,55.0,47,nan,nan,nan,nan
34.04213857650757,1,50.0,96.0,55.0,47,nan,nan,nan,nan
34.24253034591675,1,50.0,96.0,55.0,47,nan,nan,nan,nan
34.442362785339355,1,50.0,96.0,55.0,47,nan,nan,nan,nan
34.642035722732544,1,50.0,96.0,55.0,47,nan,nan,nan,nan
34.84211468696594,1,50.0,96.0,55.0,47,nan,nan,nan,nan
35.042282581329346,1,50.0,96.0,55.0,47,nan,nan,nan,nan
35.24213743209839,1,50.0,96.0,55.0,47,nan,nan,nan,nan
35.44218921661377,1,50.0,96.0,55.0,47,nan,nan,nan,nan
35.64245843887329,1,50.0,96.0,55.0,47,nan,nan,nan,nan
35.84294939041138,1,50.0,96.0,55.0,47,nan,nan,nan,nan
36.04210114479065,1,50.0,96.0,55.0,47,nan,nan,nan,nan
36.24182724952698,1,50.0,96.0,55.0,47,nan,nan,nan,nan
36.441813945770264,1,50.0,96.0,55.0,47,nan,nan,nan,nan
36.64209461212158,1,50.0,96.0,55.0,47,nan,nan,nan,nan
36.842464447021484,1,50.0,96.0,55.0,47,nan,nan,nan,nan
37.04206728935242,1,50.0,96.0,55.0,47,nan,nan,nan,nan
37.2422730922699,1,50.0,96.0,55.0,47,nan,nan,nan,nan
37.442277908325195,1,50.0,96.0,55.0,47,nan,nan,nan,nan
37.64234113693237,1,50.0,96.0,55.0,47,nan,nan,nan,nan
37.84212589263916,1,50.0,96.0,55.0,47,nan,nan,nan,nan
38.04253530502319,1,50.0,96.0,55.0,47,nan,nan,nan,nan
38.24229454994202,1,50.0,96.0,55.0,47,nan,nan,nan,nan
38.442514181137085,1,50.0,96.0,55.0,47,nan,nan,nan,nan
38.642465353012085,1,50.0,96.0,55.0,47,nan,nan,nan,nan
38.84171438217163,1,50.0,96.0,55.0,47,nan,nan,nan,nan
39.042025327682495,1,50.0,96.0,55.0,47,nan,nan,nan,nan
39.24235153198242,1,50.0,96.0,55.0,47,nan,nan,nan,nan
39.442594051361084,1,50.0,96.0,55.0,47,nan,nan,nan,nan
39.64222049713135,1,50.0,96.0,55.0,47,nan,nan,nan,nan
39.842116355895996,1,50.0,96.0,55.0,47,nan,nan,nan,nan
40.04219079017639,1,50.0,96.0,55.0,47,nan,nan,nan,nan
40.242432594299316,1,50.0,96.0,55.0,47,nan,nan,nan,nan
40.44195556640625,1,50.0,96.0,55.0,47,nan,nan,nan,nan
40.64225697517395,1,50.0,96.0,55.0,47,nan,nan,nan,nan
40.84238815307617,1,50.0,96.0,55.0,47,nan,nan,nan,nan
41.042346477508545,1,50.0,96.0,55.0,47,nan,nan,nan,nan
41.24226713180542,1,50.0,96.0,55.0,47,nan,nan,nan,nan
41.44238591194153,1,50.0,96.0,55.0,47,nan,nan,nan,nan
41.642066955566406,1,50.0,96.0,55.0,47,nan,nan,nan,nan
41.84233736991882,1,50.0,96.0,55.0,47,nan,nan,nan,nan
42.04198384284973,1,50.0,96.0,55.0,47,nan,nan,nan,nan
42.24223804473877,1,50.0,96.0,55.0,47,nan,nan,nan,nan
42.44223880767822,1,50.0,96.0,55.0,47,nan,nan,nan,nan
42.64198422431946,1,50.0,96.0,55.0,47,nan,nan,nan,nan
42.84210562705994,1,50.0,96.0,55.0,47,nan,nan,nan,nan
43.04233956336975,1,50.0,96.0,55.0,47,nan,nan,nan,nan
43.242273807525635,1,50.0,96.0,55.0,47,nan,nan,nan,nan
43.44204640388489,1,50.0,96.0,55.0,47,nan,nan,nan,nan
43.642003536224365,1,50.0,96.0,55.0,47,nan,nan,nan,nan
43.84214973449707,1,50.0,96.0,55.0,47,nan,nan,nan,nan
44.04209804534912,1,50.0,96.0,55.0,47,nan,nan,nan,nan
44.24224638938904,1,50.0,96.0,55.0,47,nan,nan,nan,nan
44.44206142425537,1,50.0,96.0,55.0,47,nan,nan,nan,nan
44.641993284225464,1,50.0,96.0,55.0,47,nan,nan,nan,nan
44.84305763244629,1,50.0,96.0,55.0,47,nan,nan,nan,nan
45.04224395751953,1,50.0,96.0,55.0,47,nan,nan,nan,nan
45.242347240448,1,50.0,96.0,55.0,47,nan,nan,nan,nan
45.44212317466736,1,50.0,96.0,55.0,47,nan,nan,nan,nan
45.64242100715637,1,50.0,96.0,55.0,47,nan,nan,nan,nan
45.84190082550049,1,50.0,96.0,55.0,47,nan,nan,nan,nan
46.042683124542236,1,50.0,96.0,55.0,47,nan,nan,nan,nan
46.242207765579224,1,50.0,96.0,55.0,47,nan,nan,nan,nan
46.442129135131836,1,50.0,96.0,55.0,47,nan,nan,nan,nan
46.64219117164612,1,50.0,96.0,55.0,47,nan,nan,nan,nan
46.842313289642334,1,50.0,96.0,55.0,47,nan,nan,nan,nan
47.04350805282593,1,50.0,96.0,55.0,47,nan,nan,nan,nan
47.24203014373779,1,50.0,96.0,55.0,47,nan,nan,nan,nan
47.44188666343689,1,50.0,96.0,55.0,47,nan,nan,nan,nan
47.6423225402832,1,50.0,96.0,55.0,47,nan,nan,nan,nan
47.842273235321045,1,50.0,96.0,55.0,47,nan,nan,nan,nan
48.04237413406372,1,50.0,96.0,55.0,47,nan,nan,nan,nan
48.24238967895508,1,50.0,96.0,55.0,47,nan,nan,nan,nan
48.44237995147705,1,50.0,96.0,55.0,47,nan,nan,nan,nan
48.64213991165161,1,50.0,96.0,55.0,47,nan,nan,nan,nan
48.84220576286316,1,50.0,96.0,55.0,47,nan,nan,nan,nan
49.04252481460571,1,50.0,96.0,55.0,47,nan,nan,nan,nan
49.242358446121216,1,50.0,96.0,55.0,47,nan,nan,nan,nan
49.442259550094604,1,50.0,96.0,55.0,47,nan,nan,nan,nan
49.64216923713684,1,50.0,96.0,55.0,47,nan,nan,nan,nan
49.84179878234863,1,50.0,96.0,55.0,47,nan,nan,nan,nan
50.04257774353027,1,50.0,96.0,55.0,47,nan,nan,nan,nan
50.24351906776428,1,50.0,96.0,55.0,47,nan,nan,nan,nan
50.44185137748718,1,50.0,96.0,55.0,47,nan,nan,nan,nan
50.6422278881073,1,50.0,96.0,55.0,47,nan,nan,nan,nan
50.84313130378723,1,50.0,96.0,55.0,47,nan,nan,nan,nan
51.04199552536011,1,50.0,96.0,55.0,47,nan,nan,nan,nan
51.24244809150696,1,50.0,96.0,55.0,47,nan,nan,nan,nan
51.44237041473389,1,50.0,96.0,55.0,47,nan,nan,nan,nan
51.64210629463196,1,50.0,96.0,55.0,47,nan,nan,nan,nan
51.841978549957275,1,50.0,96.0,55.0,47,nan,nan,nan,nan
52.04225301742554,1,50.0,96.0,55.0,47,nan,nan,nan,nan
52.24209427833557,1,50.0,96.0,55.0,47,nan,nan,nan,nan
52.442293643951416,1,50.0,96.0,55.0,47,nan,nan,nan,nan
52.64225125312805,1,50.0,96.0,55.0,47,nan,nan,nan,nan
52.842217206954956,1,50.0,96.0,55.0,47,nan,nan,nan,nan
53.04189872741699,1,50.0,96.0,55.0,47,nan,nan,nan,nan
53.242372035980225,1,50.0,96.0,55.0,47,nan,nan,nan,nan
53.442567110061646,1,50.0,96.0,55.0,47,nan,nan,nan,nan
53.64213156700134,1,50.0,96.0,55.0,47,nan,nan,nan,nan
53.84214234352112,1,50.0,96.0,55.0,47,nan,nan,nan,nan
54.04212927818298,1,50.0,96.0,55.0,47,nan,nan,nan,nan
54.24234199523926,1,50.0,96.0,55.0,47,nan,nan,nan,nan
54.442343950271606,1,50.0,96.0,55.0,47,nan,nan,nan,nan
54.6420578956604,1,50.0,96.0,55.0,47,nan,nan,nan,nan
54.84219455718994,1,50.0,96.0,55.0,47,nan,nan,nan,nan
55.04196500778198,1,50.0,96.0,55.0,47,nan,nan,nan,nan
55.24225878715515,1,50.0,96.0,55.0,47,nan,nan,nan,nan
55.44189238548279,1,50.0,96.0,55.0,47,nan,nan,nan,nan
55.642581939697266,1,50.0,96.0,55.0,47,nan,nan,nan,nan
55.842074155807495,1,50.0,96.0,55.0,47,nan,nan,nan,nan
56.04205656051636,1,50.0,96.0,55.0,47,nan,nan,nan,nan
56.24336838722229,1,50.0,96.0,55.0,47,nan,nan,nan,nan
56.44220519065857,1,50.0,96.0,55.0,47,nan,nan,nan,nan
56.64209485054016,1,50.0,96.0,55.0,47,nan,nan,nan,nan
56.8423125743866,1,50.0,96.0,55.0,47,nan,nan,nan,nan
57.042661905288696,1,50.0,96.0,55.0,47,nan,nan,nan,nan
57.24231243133545,1,50.0,96.0,55.0,47,nan,nan,nan,nan
57.442296743392944,1,50.0,96.0,55.0,47,nan,nan,nan,nan
57.64210391044617,1,50.0,96.0,55.0,47,nan,nan,nan,nan
57.84218978881836,1,50.0,96.0,55.0,47,nan,nan,nan,nan
58.04314351081848,1,50.0,96.0,55.0,47,nan,nan,nan,nan
58.241944313049316,1,50.0,96.0,55.0,47,nan,nan,nan,nan
58.44235920906067,1,50.0,96.0,55.0,47,nan,nan,nan,nan
58.642409801483154,1,50.0,96.0,55.0,47,nan,nan,nan,nan
58.84290170669556,1,50.0,96.0,55.0,47,nan,nan,nan,nan
59.04233932495117,1,50.0,96.0,55.0,47,nan,nan,nan,nan
59.24193000793457,1,50.0,96.0,55.0,47,nan,nan,nan,nan
59.442310094833374,1,50.0,96.0,55.0,47,nan,nan,nan,nan
59.64214873313904,1,50.0,96.0,55.0,47,nan,nan,nan,nan
59.841941356658936,1,50.0,96.0,55.0,47,nan,nan,nan,nan
60.04255557060242,1,50.0,96.0,55.0,47,nan,nan,nan,nan
60.242053508758545,1,50.0,96.0,55.0,47,nan,nan,nan,nan
60.44197678565979,1,50.0,96.0,55.0,47,nan,nan,nan,nan
60.64237976074219,1,50.0,96.0,55.0,47,nan,nan,nan,nan
60.84232711791992,1,50.0,96.0,55.0,47,nan,nan,nan,nan
61.042176961898804,1,50.0,96.0,55.0,47,nan,nan,nan,nan
61.242300271987915,1,50.0,96.0,55.0,47,nan,nan,nan,nan
61.44202947616577,1,50.0,96.0,55.0,47,nan,nan,nan,nan
61.64246153831482,1,50.0,96.0,55.0,47,nan,nan,nan,nan
61.84223127365112,1,50.0,96.0,55.0,47,nan,nan,nan,nan
62.042274951934814,1,50.0,96.0,55.0,47,nan,nan,nan,nan
62.24249601364136,1,50.0,96.0,55.0,47,nan,nan,nan,nan
62.44247817993164,1,50.0,96.0,55.0,47,nan,nan,nan,nan
62.64268159866333,1,50.0,96.0,55.0,47,nan,nan,nan,nan
62.84229922294617,1,50.0,96.0,55.0,47,nan,nan,nan,nan
63.04253435134888,1,50.0,96.0,55.0,47,nan,nan,nan,nan
63.242072343826294,1,50.0,96.0,55.0,47,nan,nan,nan,nan
63.44228506088257,1,50.0,96.0,55.0,47,nan,nan,nan,nan
63.642110109329224,1,50.0,96.0,55.0,47,nan,nan,nan,nan
63.84230279922485,1,50.0,96.0,55.0,47,nan,nan,nan,nan
64.04259443283081,1,50.0,96.0,55.0,47,nan,nan,nan,nan
64.24275040626526,1,50.0,96.0,55.0,47,nan,nan,nan,nan
64.44216680526733,1,50.0,96.0,55.0,47,nan,nan,nan,nan
64.64221167564392,1,50.0,96.0,55.0,47,nan,nan,nan,nan
64.84251403808594,1,50.0,96.0,55.0,47,nan,nan,nan,nan
65.04219460487366,1,50.0,96.0,55.0,47,nan,nan,nan,nan
65.24298167228699,1,50.0,96.0,55.0,47,nan,nan,nan,nan
65.44271397590637,1,50.0,96.0,55.0,47,nan,nan,nan,nan
65.64235496520996,1,50.0,96.0,55.0,47,nan,nan,nan,nan
65.8426902294159,1,50.0,96.0,55.0,47,nan,nan,nan,nan
66.04203510284424,1,50.0,96.0,55.0,47,nan,nan,nan,nan
66.24216508865356,1,50.0,96.0,55.0,47,nan,nan,nan,nan
66.44236445426941,1,50.0,96.0,55.0,47,nan,nan,nan,nan
66.64224195480347,1,50.0,96.0,55.0,47,nan,nan,nan,nan
66.84187054634094,1,50.0,96.0,55.0,47,nan,nan,nan,nan
67.042400598526,1,50.0,96.0,55.0,47,nan,nan,nan,nan
67.2430808544159,1,50.0,96.0,55.0,47,nan,nan,nan,nan
67.44207072257996,1,50.0,96.0,55.0,47,nan,nan,nan,nan
67.64254784584045,1,50.0,96.0,55.0,47,nan,nan,nan,nan
67.84237098693848,1,50.0,96.0,55.0,47,nan,nan,nan,nan
68.04176473617554,1,50.0,96.0,55.0,47,nan,nan,nan,nan
68.24220108985901,1,50.0,96.0,55.0,47,nan,nan,nan,nan
68.44220685958862,1,50.0,96.0,55.0,47,nan,nan,nan,nan
68.64292645454407,1,50.0,96.0,55.0,47,nan,nan,nan,nan
68.84246492385864,1,50.0,96.0,55.0,47,nan,nan,nan,nan
69.04248023033142,1,50.0,96.0,55.0,47,nan,nan,nan,nan
69.24196887016296,1,50.0,96.0,55.0,47,nan,nan,nan,nan
69.44259119033813,1,50.0,96.0,55.0,47,nan,nan,nan,nan
69.64226865768433,1,50.0,96.0,55.0,47,nan,nan,nan,nan
69.8421368598938,1,50.0,96.0,55.0,47,nan,nan,nan,nan
70.04209232330322,1,50.0,96.0,55.0,47,nan,nan,nan,nan
70.24254536628723,1,50.0,96.0,55.0,47,nan,nan,nan,nan
70.44198393821716,1,50.0,96.0,55.0,47,nan,nan,nan,nan
70.64231467247009,1,50.0,96.0,55.0,47,nan,nan,nan,nan
70.84208869934082,1,50.0,96.0,55.0,47,nan,nan,nan,nan
71.04207921028137,1,50.0,96.0,55.0,47,nan,nan,nan,nan
71.24258065223694,1,50.0,96.0,55.0,47,nan,nan,nan,nan
71.44221520423889,1,50.0,96.0,55.0,47,nan,nan,nan,nan
71.64228367805481,1,50.0,96.0,55.0,47,nan,nan,nan,nan
71.84240007400513,1,50.0,96.0,55.0,47,nan,nan,nan,nan
72.0423231124878,1,50.0,96.0,55.0,47,nan,nan,nan,nan
72.24182271957397,1,50.0,96.0,55.0,47,nan,nan,nan,nan
72.44218969345093,1,50.0,96.0,55.0,47,nan,nan,nan,nan
72.64207720756531,1,50.0,96.0,55.0,47,nan,nan,nan,nan
72.84229040145874,1,50.0,96.0,55.0,47,nan,nan,nan,nan
73.04192113876343,1,50.0,96.0,55.0,47,nan,nan,nan,nan
73.24237871170044,1,50.0,96.0,55.0,47,nan,nan,nan,nan
73.44229316711426,1,50.0,96.0,55.0,47,nan,nan,nan,nan
73.64213824272156,1,50.0,96.0,55.0,47,nan,nan,nan,nan
73.84227156639099,1,50.0,96.0,55.0,47,nan,nan,nan,nan
74.04198741912842,1,50.0,96.0,55.0,47,nan,nan,nan,nan
74.24204087257385,1,50.0,96.0,55.0,47,nan,nan,nan,nan
74.44228506088257,1,50.0,96.0,55.0,47,nan,nan,nan,nan
74.64228796958923,1,50.0,96.0,55.0,47,nan,nan,nan,nan
74.84227156639099,1,50.0,96.0,55.0,47,nan,nan,nan,nan
75.04233288764954,1,50.0,96.0,55.0,47,nan,nan,nan,nan
75.2424464225769,1,50.0,96.0,55.0,47,nan,nan,nan,nan
75.44275784492493,1,50.0,96.0,55.0,47,nan,nan,nan,nan
75.64219617843628,1,50.0,96.0,55.0,47,nan,nan,nan,nan
75.8420627117157,1,50.0,96.0,55.0,47,nan,nan,nan,nan
76.04280114173889,1,50.0,96.0,55.0,47,nan,nan,nan,nan
76.24223971366882,1,50.0,96.0,55.0,47,nan,nan,nan,nan
76.44219923019409,1,50.0,96.0,55.0,47,nan,nan,nan,nan
76.64228296279907,1,50.0,96.0,55.0,47,nan,nan,nan,nan
76.84233498573303,1,50.0,96.0,55.0,47,nan,nan,nan,nan
77.04225206375122,1,50.0,96.0,55.0,47,nan,nan,nan,nan
77.24251365661621,1,50.0,96.0,55.0,47,nan,nan,nan,nan
77.44219708442688,1,50.0,96.0,55.0,47,nan,nan,nan,nan
77.64232230186462,1,50.0,96.0,55.0,47,nan,nan,nan,nan
77.84224605560303,1,50.0,96.0,55.0,47,nan,nan,nan,nan
78.04260516166687,1,50.0,96.0,55.0,47,nan,nan,nan,nan
78.24227523803711,1,50.0,96.0,55.0,47,nan,nan,nan,nan
78.44232726097107,1,50.0,96.0,55.0,47,nan,nan,nan,nan
78.6424081325531,1,50.0,96.0,55.0,47,nan,nan,nan,nan
78.84221172332764,1,50.0,96.0,55.0,47,nan,nan,nan,nan
79.04272842407227,1,50.0,96.0,55.0,47,nan,nan,nan,nan
79.24257349967957,1,50.0,96.0,55.0,47,nan,nan,nan,nan
79.4423291683197,1,50.0,96.0,55.0,47,nan,nan,nan,nan
79.64234471321106,1,50.0,96.0,55.0,47,nan,nan,nan,nan
79.84269404411316,1,50.0,96.0,55.0,47,nan,nan,nan,nan
80.0426893234253,1,50.0,96.0,55.0,47,nan,nan,nan,nan
80.24223566055298,1,50.0,96.0,55.0,47,nan,nan,nan,nan
80.44244742393494,1,50.0,96.0,55.0,47,nan,nan,nan,nan
80.64260959625244,1,50.0,96.0,55.0,47,nan,nan,nan,nan
80.84259724617004,1,50.0,96.0,55.0,47,nan,nan,nan,nan
81.04277110099792,1,50.0,96.0,55.0,47,nan,nan,nan,nan
81.24235415458679,1,50.0,96.0,55.0,47,nan,nan,nan,nan
81.44183945655823,1,50.0,96.0,55.0,47,nan,nan,nan,nan
81.64247012138367,1,50.0,96.0,55.0,47,nan,nan,nan,nan
81.84229922294617,1,50.0,96.0,55.0,47,nan,nan,nan,nan
82.04231810569763,1,50.0,96.0,55.0,47,nan,nan,nan,nan
82.24253153800964,1,50.0,96.0,55.0,47,nan,nan,nan,nan
82.44274497032166,1,50.0,96.0,55.0,47,nan,nan,nan,nan
82.6420886516571,1,50.0,96.0,55.0,47,nan,nan,nan,nan
82.84268260002136,1,50.0,96.0,55.0,47,nan,nan,nan,nan
83.0428409576416,1,50.0,96.0,55.0,47,nan,nan,nan,nan
83.24206376075745,1,50.0,96.0,55.0,47,nan,nan,nan,nan
83.44239068031311,1,50.0,96.0,55.0,47,nan,nan,nan,nan
83.64204573631287,1,50.0,96.0,55.0,47,nan,nan,nan,nan
83.84203362464905,1,50.0,96.0,55.0,47,nan,nan,nan,nan
84.04228663444519,1,50.0,96.0,55.0,47,nan,nan,nan,nan
84.24223566055298,1,50.0,96.0,55.0,47,nan,nan,nan,nan
84.44233775138855,1,50.0,96.0,55.0,47,nan,nan,nan,nan
84.64244198799133,1,50.0,96.0,55.0,47,nan,nan,nan,nan
84.84255409240723,1,50.0,96.0,55.0,47,nan,nan,nan,nan
85.04209351539612,1,50.0,96.0,55.0,47,nan,nan,nan,nan
85.24264907836914,1,50.0,96.0,55.0,47,nan,nan,nan,nan
85.4425618648529,1,50.0,96.0,55.0,47,nan,nan,nan,nan
85.64273810386658,1,50.0,96.0,55.0,47,nan,nan,nan,nan
85.84248065948486,1,50.0,96.0,55.0,47,nan,nan,nan,nan
86.04247283935547,1,50.0,96.0,55.0,47,nan,nan,nan,nan
86.24188876152039,1,50.0,96.0,55.0,47,nan,nan,nan,nan
86.44200420379639,1,50.0,96.0,55.0,47,nan,nan,nan,nan
86.64222979545593,1,50.0,96.0,55.0,47,nan,nan,nan,nan
86.84224915504456,1,50.0,96.0,55.0,47,nan,nan,nan,nan
87.04199957847595,1,50.0,96.0,55.0,47,nan,nan,nan,nan
87.24223780632019,1,50.0,96.0,55.0,47,nan,nan,nan,nan
87.44221019744873,1,50.0,96.0,55.0,47,nan,nan,nan,nan
87.64237952232361,1,50.0,96.0,55.0,47,nan,nan,nan,nan
87.84362697601318,1,50.0,96.0,55.0,47,nan,nan,nan,nan
88.0421073436737,1,50.0,96.0,55.0,47,nan,nan,nan,nan
88.24207425117493,1,50.0,96.0,55.0,47,nan,nan,nan,nan
88.44223666191101,1,50.0,96.0,55.0,47,nan,nan,nan,nan
88.64227247238159,1,50.0,96.0,55.0,47,nan,nan,nan,nan
88.84220004081726,1,50.0,96.0,55.0,47,nan,nan,nan,nan
89.04214429855347,1,50.0,96.0,55.0,47,nan,nan,nan,nan
89.24221706390381,1,50.0,96.0,55.0,47,nan,nan,nan,nan
89.4419629573822,1,50.0,96.0,55.0,47,nan,nan,nan,nan
89.64223861694336,1,50.0,96.0,55.0,47,nan,nan,nan,nan
89.84240555763245,1,50.0,96.0,55.0,47,nan,nan,nan,nan
90.04215884208679,1,50.0,96.0,55.0,47,nan,nan,nan,nan
90.24254536628723,1,50.0,96.0,55.0,47,nan,nan,nan,nan
90.44254326820374,1,50.0,96.0,55.0,47,nan,nan,nan,nan
90.64236736297607,1,50.0,96.0,55.0,47,nan,nan,nan,nan
90.84242916107178,1,50.0,96.0,55.0,47,nan,nan,nan,nan
91.04220747947693,1,50.0,96.0,55.0,47,nan,nan,nan,nan
91.24208045005798,1,50.0,96.0,55.0,47,nan,nan,nan,nan
91.44231486320496,1,50.0,96.0,55.0,47,nan,nan,nan,nan
91.64187717437744,1,50.0,96.0,55.0,47,nan,nan,nan,nan
91.84246468544006,1,50.0,96.0,55.0,47,nan,nan,nan,nan
92.04254388809204,1,50.0,96.0,55.0,47,nan,nan,nan,nan
92.24241232872009,1,50.0,96.0,55.0,47,nan,nan,nan,nan
92.44215726852417,1,50.0,96.0,55.0,47,nan,nan,nan,nan
92.64253067970276,1,50.0,96.0,55.0,47,nan,nan,nan,nan
92.8422544002533,1,50.0,96.0,55.0,47,nan,nan,nan,nan
93.04245495796204,1,50.0,96.0,55.0,47,nan,nan,nan,nan
93.24273920059204,1,50.0,96.0,55.0,47,nan,nan,nan,nan
93.44223380088806,1,50.0,96.0,55.0,47,nan,nan,nan,nan
93.64241075515747,1,50.0,96.0,55.0,47,nan,nan,nan,nan
93.8423867225647,1,50.0,96.0,55.0,47,nan,nan,nan,nan
94.04228949546814,1,50.0,96.0,55.0,47,nan,nan,nan,nan
94.24220490455627,1,50.0,96.0,55.0,47,nan,nan,nan,nan
94.44213342666626,1,50.0,96.0,55.0,47,nan,nan,nan,nan
94.64236736297607,1,50.0,96.0,55.0,47,nan,nan,nan,nan
94.84254050254822,1,50.0,96.0,55.0,47,nan,nan,nan,nan
95.04187297821045,1,50.0,96.0,55.0,47,nan,nan,nan,nan
95.24263453483582,1,50.0,96.0,55.0,47,nan,nan,nan,nan
95.44212555885315,1,50.0,96.0,55.0,47,nan,nan,nan,nan
95.64225363731384,1,50.0,96.0,55.0,47,nan,nan,nan,nan
95.84211254119873,1,50.0,96.0,55.0,47,nan,nan,nan,nan
96.042236328125,1,50.0,96.0,55.0,47,nan,nan,nan,nan
96.24185585975647,1,50.0,96.0,55.0,47,nan,nan,nan,nan
96.44262075424194,1,50.0,96.0,55.0,47,nan,nan,nan,nan
96.64193534851074,1,50.0,96.0,55.0,47,nan,nan,nan,nan
96.84217381477356,1,50.0,96.0,55.0,47,nan,nan,nan,nan
97.04232406616211,1,50.0,96.0,55.0,47,nan,nan,nan,nan
97.24228405952454,1,50.0,96.0,55.0,47,nan,nan,nan,nan
97.44225716590881,1,50.0,96.0,55.0,47,nan,nan,nan,nan
97.64229011535645,1,50.0,96.0,55.0,47,nan,nan,nan,nan
97.84241151809692,1,50.0,96.0,55.0,47,nan,nan,nan,nan
98.04221224784851,1,50.0,96.0,55.0,47,nan,nan,nan,nan
98.24232006072998,1,50.0,96.0,55.0,47,nan,nan,nan,nan
98.44220042228699,1,50.0,96.0,55.0,47,nan,nan,nan,nan
98.64232158660889,1,50.0,96.0,55.0,47,nan,nan,nan,nan
98.84252429008484,1,50.0,96.0,55.0,47,nan,nan,nan,nan
99.04244947433472,1,50.0,96.0,55.0,47,nan,nan,nan,nan
99.24201726913452,1,50.0,96.0,55.0,47,nan,nan,nan,nan
99.44252920150757,1,50.0,96.0,55.0,47,nan,nan,nan,nan
99.64250087738037,1,50.0,96.0,55.0,47,nan,nan,nan,nan
99.84202527999878,1,50.0,96.0,55.0,47,nan,nan,nan,nan
100.04234147071838,1,50.0,96.0,55.0,47,nan,nan,nan,nan
100.24243402481079,1,50.0,96.0,55.0,47,nan,nan,nan,nan
100.44182395935059,1,50.0,96.0,55.0,47,nan,nan,nan,nan
100.64218592643738,1,50.0,96.0,55.0,47,nan,nan,nan,nan
100.84176802635193,1,50.0,96.0,55.0,47,nan,nan,nan,nan
101.04213285446167,1,50.0,96.0,55.0,47,nan,nan,nan,nan
101.24218797683716,1,50.0,96.0,55.0,47,nan,nan,nan,nan
